{
  "prediction_systems": {
    "roulette": {
      "active": false,
      "auto_loop": false,
      "predictions": {}
    },
    "blackjack": {
      "active": false,
      "auto_loop": false,
      "predictions": {}
    },
    "baccarat": {
      "active": false,
      "auto_loop": false,
      "predictions": {}
    },
    "dice": {
      "active": false,
      "auto_loop": false,
      "predictions": {}
    },
    "limbo": {
      "active": false,
      "auto_loop": false,
      "predictions": {}
    },
    "marble": {
      "active": true,
      "auto_loop": false,
      "predictions": {},
      "timer_end_time": "2025-08-31T02:40:36.616674",
      "timer_duration": 3
    },
    "custom": {
      "active": false,
      "auto_loop": false,
      "predictions": {},
      "question": "",
      "options": []
    },
    "slotcall": {
      "active": false,
      "auto_loop": false,
      "predictions": {}
    }
  },
  "last_updated": "2025-08-31T02:39:09.569783",
  "timers": {},
  "statistics": {
    "total_predictions_opened": 1,
    "total_users_joined": 0,
    "total_users_won": 0,
    "total_users_lost": 0,
    "user_win_counts": {},
    "user_participation_counts": {},
    "prediction_history": [],
    "daily_stats": {
      "2025-08-31": {
        "predictions": 1,
        "participants": 0,
        "winners": 0
      }
    }
  },
  "custom_durations": {
    "marble": 2
  }
}